<DataSet>
  <Row>
    <CorID_Int>00</CorID_Int>
    <Descricao>Nao aplicado</Descricao>
  </Row>
  <Row>
    <CorID_Int>01</CorID_Int>
    <Descricao>Branco</Descricao>
  </Row>
  <Row>
    <CorID_Int>06</CorID_Int>
    <Descricao>Azul</Descricao>
  </Row>
  <Row>
    <CorID_Int>04</CorID_Int>
    <Descricao>Vermelho</Descricao>
  </Row>
  <Row>
    <CorID_Int>08</CorID_Int>
    <Descricao>Rosa Minie</Descricao>
  </Row>
  <Row>
    <CorID_Int>56</CorID_Int>
    <Descricao>Lavanda (lilas</Descricao>
  </Row>
  <Row>
    <CorID_Int>59</CorID_Int>
    <Descricao>Verde Tropical</Descricao>
  </Row>
  <Row>
    <CorID_Int>60</CorID_Int>
    <Descricao>Rosa Claro</Descricao>
  </Row>
  <Row>
    <CorID_Int>02</CorID_Int>
    <Descricao>Preto</Descricao>
  </Row>
  <Row>
    <CorID_Int>10</CorID_Int>
    <Descricao>Colorido</Descricao>
  </Row>
  <Row>
    <CorID_Int>12</CorID_Int>
    <Descricao>Marfin</Descricao>
  </Row>
  <Row>
    <CorID_Int>15</CorID_Int>
    <Descricao>Saphira</Descricao>
  </Row>
  <Row>
    <CorID_Int>03</CorID_Int>
    <Descricao>Verde</Descricao>
  </Row>
  <Row>
    <CorID_Int>24</CorID_Int>
    <Descricao>Rosa Pastel/Buq</Descricao>
  </Row>
  <Row>
    <CorID_Int>57</CorID_Int>
    <Descricao>Azul  Harmonia</Descricao>
  </Row>
  <Row>
    <CorID_Int>14</CorID_Int>
    <Descricao>Amarelo</Descricao>
  </Row>
  <Row>
    <CorID_Int>07</CorID_Int>
    <Descricao>Ametista</Descricao>
  </Row>
  <Row>
    <CorID_Int>23</CorID_Int>
    <Descricao>Azul Pastel</Descricao>
  </Row>
  <Row>
    <CorID_Int>26</CorID_Int>
    <Descricao>Verde Pastel</Descricao>
  </Row>
  <Row>
    <CorID_Int>52</CorID_Int>
    <Descricao>Green Turmaline</Descricao>
  </Row>
  <Row>
    <CorID_Int>19</CorID_Int>
    <Descricao>Light Siam</Descricao>
  </Row>
  <Row>
    <CorID_Int>21</CorID_Int>
    <Descricao>Light Ametista</Descricao>
  </Row>
  <Row>
    <CorID_Int>51</CorID_Int>
    <Descricao>Blue Zircon</Descricao>
  </Row>
  <Row>
    <CorID_Int>25</CorID_Int>
    <Descricao>Lilas Pastel</Descricao>
  </Row>
  <Row>
    <CorID_Int>37</CorID_Int>
    <Descricao>Caramelo</Descricao>
  </Row>
  <Row>
    <CorID_Int>09</CorID_Int>
    <Descricao>Coral</Descricao>
  </Row>
  <Row>
    <CorID_Int>48</CorID_Int>
    <Descricao>Madre Perola</Descricao>
  </Row>
  <Row>
    <CorID_Int>22</CorID_Int>
    <Descricao>Aurora Boreal</Descricao>
  </Row>
  <Row>
    <CorID_Int>58</CorID_Int>
    <Descricao>Rosa Buque/Past</Descricao>
  </Row>
  <Row>
    <CorID_Int>61</CorID_Int>
    <Descricao>Azul Hawai</Descricao>
  </Row>
  <Row>
    <CorID_Int>62</CorID_Int>
    <Descricao>Pink Light</Descricao>
  </Row>
  <Row>
    <CorID_Int>28</CorID_Int>
    <Descricao>Laranja</Descricao>
  </Row>
  <Row>
    <CorID_Int>63</CorID_Int>
    <Descricao>Verde Maca</Descricao>
  </Row>
  <Row>
    <CorID_Int>64</CorID_Int>
    <Descricao>Roxo Uva</Descricao>
  </Row>
  <Row>
    <CorID_Int>65</CorID_Int>
    <Descricao>Amarelo Laranja</Descricao>
  </Row>
  <Row>
    <CorID_Int>66</CorID_Int>
    <Descricao>Amarelo Girasso</Descricao>
  </Row>
  <Row>
    <CorID_Int>67</CorID_Int>
    <Descricao>Magenta</Descricao>
  </Row>
  <Row>
    <CorID_Int>68</CorID_Int>
    <Descricao>Azul Escuro</Descricao>
  </Row>
  <Row>
    <CorID_Int>50</CorID_Int>
    <Descricao>Turmalina</Descricao>
  </Row>
  <Row>
    <CorID_Int>17</CorID_Int>
    <Descricao>Montana</Descricao>
  </Row>
  <Row>
    <CorID_Int>69</CorID_Int>
    <Descricao>Azul Marinho</Descricao>
  </Row>
  <Row>
    <CorID_Int>16</CorID_Int>
    <Descricao>Light Saphira</Descricao>
  </Row>
  <Row>
    <CorID_Int>70</CorID_Int>
    <Descricao>Azul Mar</Descricao>
  </Row>
  <Row>
    <CorID_Int>30</CorID_Int>
    <Descricao>Azul Perolizado</Descricao>
  </Row>
  <Row>
    <CorID_Int>11</CorID_Int>
    <Descricao>Marrom</Descricao>
  </Row>
  <Row>
    <CorID_Int>43</CorID_Int>
    <Descricao>Vinho</Descricao>
  </Row>
  <Row>
    <CorID_Int>55</CorID_Int>
    <Descricao>Black Diamond</Descricao>
  </Row>
  <Row>
    <CorID_Int>05</CorID_Int>
    <Descricao>Fuchsia</Descricao>
  </Row>
  <Row>
    <CorID_Int>29</CorID_Int>
    <Descricao>Topazio</Descricao>
  </Row>
  <Row>
    <CorID_Int>44</CorID_Int>
    <Descricao>Fume</Descricao>
  </Row>
  <Row>
    <CorID_Int>38</CorID_Int>
    <Descricao>Marrom Claro</Descricao>
  </Row>
</DataSet>
